key,input,R_0,R_1,R_2,R_3,R_4,R_5,R_6,R_7,R_8,R_9,R_10,I_0,I_1,I_2,I_3,I_4,I_5,I_6,I_7,I_8,I_9,I_10,IR_0,IR_1,IR_2,IR_3,IR_4,IR_5,IR_6,IR_7,IR_8,IR_9,IR_10
IJDNQMDRQITEOD-UHFFFAOYSA-N,CCCC,1.2474747474747478,0.9039881831610048,0.24894514767932466,-0.5298913043478264,-1.2119402985074625,-1.6042780748663101,-0.8871128871128872,-3.7549234135667398,-6.621160409556316,-5.5668316831683144,-3.739506172839505,-6.777777777777777,-11.378947368421052,-15.175675675675674,-18.836065573770494,-22.921568627450984,-26.444444444444443,-14.686746987951807,-20.476190476190478,-21.354838709677423,-17.22784810126582,-11.559999999999999,-3.5578947368421048,-10.4875,-15.928571428571427,-20.977272727272734,-25.5,-28.03125,-14.14516129032258,-13.848484848484848,-12.723684210526319,-9.060869565217393,-5.3999999999999995
