key,input,R_0,R_1,R_2,R_3,R_4,R_5,R_6,R_7,R_8,R_9,R_10,I_0,I_1,I_2,I_3,I_4,I_5,I_6,I_7,I_8,I_9,I_10,IR_0,IR_1,IR_2,IR_3,IR_4,IR_5,IR_6,IR_7,IR_8,IR_9,IR_10
IJDNQMDRQITEOD-UHFFFAOYSA-N,CCCC,1.2446657183499288,0.9251198819623754,0.27368421052631553,-0.5013477088948791,-1.1740412979351027,-1.5511811023622046,-0.8687872763419482,-3.219281663516068,-6.580204778156998,-5.409200968523003,-3.6549210206561353,-7.043478260869566,-11.728260869565217,-15.788732394366196,-19.440677966101696,-23.36,-27.0,-14.317647058823532,-19.86153846153846,-22.083333333333336,-17.701298701298697,-11.958677685950411,-3.5797872340425534,-10.59493670886076,-16.481481481481474,-21.44186046511628,-26.2,-28.870967741935484,-13.904761904761905,-13.455882352941176,-13.08108108108108,-9.330357142857142,-5.520361990950227
